"V1","V2","length"
">004ce891b34bd5b3ba2878a68eed4ef6","CATAAACTATTCCTTGAAAAAAGCTTATTGTACAATTACCACAACCCCACAGTGCCACGTCAGTATTAAAAGTAATTTATTTTAAAAACATTTTACTGTACACATTACATATACACATACACACACCAATACTTATAGTCTCTCCTTGTAAATATTTATATGTACATGCTATGTATTATTGTGCATTCATTTATTTTCCATACGGCAAGTTAAAGCCCGTATTAATCATCATTAATTTTACATATTACATAATATGTATGATCTTACATATTATACATCCTCTAACAATTTTATCTCCATTGTATCCTATGGTCGCTCCATTAGATCACGAGCTTAATCACCATGCCG",348
">06b6e3f129775c71daf333a0cbdf344e","CATAAACTATTCCTTGAAAAAAGCTTATTGTATAATTACCACAACCCCACAGTGCCACGTCAGTATTAAAAGTAATTTATTTTAAAAACATTTTACTGTACACATTACATATACACATACACACACCAATACTTATAGTCTCTCCTTGTAAATATTTATATGTACATGCTACGTATTATTGTGCATTCATTTATTTTCCATACGGCAAGTTAAAGCCCGTATTAATTATCATTAATTTTACATATTACATAATATGTATGATCTTACATATTATACATCCCCTAACAATTTTATTTCCATTGTATCCTATGGTCACTCCATTAGATCACGAGCTTAATCACCATGCCG",348
">07914dc36f39395a339e0316d86fbfd5","CATAAACTATTCCTTGAAAAAAGCTTATTGTACAATTACCACAACCCCACAGTGCCACGTCAGTATTAAAAGTAATTTATTTTAAAAACATTTTACTGTACACATTACATATACACATACACACACCAAGACTTATAGTCTCTCCTTGTAAATATTTATATGTACATGCTATGTATTATTGTGCATTCATTTATTTTCCATACGGCAAGTTAAAGCCCGTATTAATTGTCATTAATTTTACATATTACATAATATGTATGATCTTACATATTATACATCCCCTAACAATTTTACCTCCATTGTATCCTATGGTCACTCCATTAGATCACGAGCTTAATCACCATGCCG",348
">09ba42b417101ddc031c62b5f8875637","CATAAACTATTCCTTGAAAAAAGCTTATTGTATAATTACCACAACCCCACAGTGCCACGTCAGTATTAAAAGTAATTTATTTTAAAAACATTTTACTGTACACATTACATATACACATACACACACCAATACTTATAGTCTCTCCTTGTAAATATTTATATGTACATGCTATGTATTATTGTGCATTCATTTATTTTCCATACGGCAAGTTAAAGCCCGTATTAATTGTCATTAATTTTACATATTACATAATATGTATGATCTTACATATTATACATCCCCTAACAATCTTATTTCCATTGTATCCTATGGTCACTCCATTAGATCACGAGCTTAATCACCATGCCG",348
">0ad5c310b66118ca8dc1f2ae25757f2e","CATAAACTATTCCTTGAAAAAAGCTTATTGTATAATTACCACAACCCCACAGTGCCACGTCAGTATTAAAAGTAATTTATTTTAAAAACATTTTACTGTACACATTACATATACACATACACACACCAATACTTATAGTCTCTCCTTGTAAATATTTATATGTACATGCTATGTATTATTGTGCATTCATTTATTTTCCATACGGCAAGTTAAAGCCCGTATTAATTATCATTAATTTTACATATTACATAATATGTATGATCTTACATATTATACATCCCCTAACAATTTTATTTCCATTGTATCCTATGGTCACTCCATTGGATCACGAGCTTAATCACCATGCCG",348
">0b74c813716de487ca39bb5e41922dc7","CATAAACTATTCCTTGAAAAAAGCTTATTGTATAATTACCACAACCCCACAGTGCCACGTCAGTATTAAAAGTAATTTATTTTAAAAACATTTTACTGTACACATTACATATACACATACACACACCAATACTTATAGTCTCTCCTTGTAAATATTTATATGTACATGCTATGTATTATTGTGCACTCATTTATTTTCCATACGGCAAGTTAAAGCCCGTATTAATTATCATTAATTTTACATATTACATAATATGTATGATCTTACATATTATACATCCCCTAACAATTTTATTTCCATTGTATCCTATGGTCACTCCATTAGATCACGAGCTTAATCACCATGCCG",348
">0d03d08b97e9c45d73e26619f54d27e4","CATAAACTATTCCTTGAAAAAAGCTTATTGTACAATTACCACAACCCCACAGTGCCACGTCAGTATTAAAAGTAATTTATTTTAAAAACATTTTACTGTACACATTACATATACACATACACACACCAATACTTATAGTCTCTCCTTGTAAATATTTATATGTACATGCTATGTATTATTGTGCATTCATTTATTTTCCATACGGCAAGTTAAAGCCCGTATTAATCATCATTAATTTTACATATTACATAATATGTATGATCTTACATATTATACATCCTCTAACAATTTTATTTCCATTGTATCCTATGGTCGCTCCATTAGACCACGAGCTTAATCACCATGCCG",348
">0dcbce9c1c010fee4cd399c596e94467","CATAAACTATTCCTTGAAAAAAGCTTATTGTATAATTACCACAACCCCACAGTGCCACGTCAGTATTAAAAGTAATTTATTTTAAAAACATTTTACTGTACACATTACATATACACATACACACACCAATACTTATAGTCTCTCCTTGTAAATATTTATATGTACATGCTATGTATTATTGTGCATTCATTTATTTTCCATACGGCAAGTTAAAGCCCGTATTAATTATCATTAATTTTACATATTACATAATATGTATGATCTTACATATTATACATCCCCTAACAATTTTATTTCCATTGTATCCTATGGTCGCTCCATTAGATCACGAGCTTAATCACCATGCCG",348
">139b0667b6ff8d2e360b26d001cdebbc","CATAAACTATTCCTTGAAAAAAGCTTATTGTATAATTACCACAACCCCACAGTGCCACGTCAGTATTAAAAGTAATTTATTTTAAAAACATTTTACTGTACACATTACATATACACATACACACACCAATACTTAAAGTCTCTCCTTGTAAATATTTATATGTACATGCTATGTATTATTGTGCATTCATTTATTTTCCATACGGCAAGTTAAAGCCCGTATTAATTATCATTAATTTTACATATTACATAATATGTATGATCTTACATATTATACATCCCCTAACAATTTTATTTCCATTGTATCCTATGGTCACTCCATTAGATCACGAGCTTAATCACCATGCCG",348
">14f441912590a6438d3c9a867d1bee81","CATAAACTATTCCTTGAAAAAAGCTTATTGTATAATTACCACAACCCCACAGTGCCACGTCAGTATTAAAAGTAATTTATTTTAAAAACATTTTACTGTACACATTACATATACACATACACACACCAATACTTATAGTCTCTCCTTGTAAATATTTATATGTACATGCTATGTATTATTGTGCATTCATTTATTTTCCATACGGCAAGTTAAAGCCCGTATTAATTATCATTAATTTTACATATTACATAATATGTATGATCTTACATATTATACATCCCTTAACAATTTTATTTCCATTGTATCCTATGGTCACTCCATTAGATCACGAGCTTAATCACCATGCCG",348
">1578049e04a090478aef977708b9dd2b","CATAAACTATTCCTTGAAAAAGCTTATTGTAGAGTTACCATAACACTACAGTACTATGTCAGTATTAAAAGTAATTTATTTTAAAAACATTTTACTGTACACATTACATATACACATACACACACCAATACTTATAGTCTCTCCTTGTAAATATTTATATGTACATGCTATGTATTATTGTGCATTCATTTATTTTCCATACGGCAAGTTAAAGCCCGTATTAATCATCATTAATTTTACATATTACATAATATGTATGATCTTACATATTATACATCCTCTAACAATTTTATTTCCATTGTATCCTATGGTCGCTCCATTAGATCACGAGCTTAATCACCATGCCG",347
">15bca3dd5d5f2f73e54adea6743f5452","CATAAACTATTCCTTGAAAAAAGCTTATTGTACAATTACCACAACCCCACAGTGCCACGTCAGTATTAAAAGTAATTTATTTTAAAAACATTTTACTGTACACATTACATATACACATACACACACCAATACTTATAGTCTCTCCTTGTAAATATTTATATGTACATGCTATGTATTATTGTGCATTCATTTATTTTCCATACGGCAAGTTAAAGCCCGTATTAATCATCATTAATTTTACATATTACATAATATGTATGATCTTACATATTATACATCCTCTAACAATTTTATTTCCATCGTATCCTATGGTCGCTCCATTAGATCACGAGCTTAATCACCATGCCG",348
">1e6fb0ed9c2d96cb7f3b6dd076ed2d79","CATAAACTATTCCTTGAAAAAAGCTTATTGTATAATTACCACAACCCCACAGTGCCACGTCAGTATTAAAAGTAATTTATTTTAAAAACATTTTACTGTACACATTACATATACACATACACACACCAATACTTATAGTCTCTCCTTGTAAATATTTATATGTACATGCTATGTATTATTGTGCATTCATTTATTTTCCATACGGCAAGTTAAAGCCCGTATTAATTATCATTGATTTTACATACTACATAATATGTATGATCTTACATATTATACATCCCCTAACAATTTTATTTCCATTGTATCCTATGGTCACTCCATTAGATCACGAGCTTAATCACCATGCCG",348
">20b814c148f1baa238b7f8a8eb72fbbd","CATAAACTATTCCTTGAAAAAAGCTTATTGTATAATTACCACAACCCCACAGTGCCACGTCAGTATTAAAAGTAATTTATTTTAAAAACATTTTACTGTACACATTACATATACACATACACACACCAATACTTATAGTCTCTCCTTGTAAATATTCATATGTACATGCTATGTATTATTGTGCATTCATTTATTTTCCATACGGCAAGTTAAAGCCCGTATTAATTATCATTAATTTTACATATTACATAATATGTATGATCTTACATATTATACATCCCCTAACAATTTTATTTCCACTGTATCCTATGGTCACTCCATTAGATCACGAGCTTAATCACCATGCCG",348
">20e5e0c4071fbf15207c06196d11d5f7","CATAAACTATTCCTTGAAAAAAGCTTATTGTACAATTACCGCAACCCCACAGTGCCACGTCAGTATTAAAAGTAATTTATTTTAAAAACATCTTACTGTACACATTACATATACACATACACACACCAATACTTATAGTCTCTCCTTGTAAATATTTATATGTACATGCTATGTATTATTGTGCATTCATTTATTTTCCATACGGCAAGTTAAAGCCCGTATTAATCATCATTAATTTTACATATTACATAATATGTATGATCTTACATATTATACATCCTCTAACAATTTTATTTCCATTGTATCCTATGGTCGCTCCATTAGATCACGAGCTTAATCACCATGCCG",348
">21d568455da4b0da17409f875b74b4e1","CATAAACTATTCCTTGAAAAAAGCTTATTGTATAATTACCACAACCCCACAGTGCCACGTCAGTATTAAAAGTAATTTATTTTAAAAACATTTTACTGTACACATCACATATACACATACACACACCAATACTTATAGTCTCTCCTTGTAAATATTTATATGTACATGCTATGTATTATTGTGCATTCATTTATTTTCCATACGGCAAGTTAAAGCCCGTATTAATTATCATTAATTTTACATATTACATAATATGTATGATCTTACATATTATACATCCCCTAACAATTTTATTTCCATTGTATCCTATGGTCACTCCATTAGATCACGAGCTTAATCACCATGCCG",348
">23d8189221f08a5662f528570d790103","CATAAACTATTCCTTGAAAAAAGCTTATTGTATAATTACCACAACCCCACAGTGCCACGTCAGTATTAAAAGTAATTTATTTTAAAAACATTTTACTGTACACATTACATATACACATACACACACCAATACTTATAGTCTCTCCTTGTAAATATTTATATGTACATGCTATGTATTATTGTGCATTCATTTATTTTCCATACGGCAAGTTAAGGCCCGTATTAATTATCATTAATTTTACATATTACATAATATGTATGATCTTACATATTATACATCCCCTAACAATTTTATTTCCATTGTATCCTATGGTCACTCCATTAGATCACGAGCTTAATCACCATGCCG",348
">25f3ff85f87cedf46851df061880d5b9","CATAAACTATTCCTTGAAAAAAGCTTATTGTACAATTACCACAACCCCACAGTGCCACGTCAGTATTAAAAGTAATTTATTTTAAAAACATTTTACTGTACACATTACATATACACATACACACCAATACTTATAGTCTCTCCTTGTAAATATTTATATGTACATGCTATGTATTATTGTGCATTCATTTATTTTCCATACGGCAAGTTAAAGCCCGTATTAATCATCATTAATTTTACATATTACATAATATGTATGATCTTACATATTATACATCCCCTAACAATTTTATCTCCATTGTATCCTATGGTCACTCCATTAGATCACGAGCTTAATCACCATGCCG",346
">271e3b84be2d4f9e6f3b5f579529106a","CATAAACTATTCCTTGAAAAAAGCTTATTGTATAATTACCACAACCCCACAGTGCCACGTCAGTATTAAAAGTAATTTATTTTAAAAACATTTTACTGTACACATTACATATACACATACACACACCGATACTTATAGTCTCTCCTTGTAAATATTTATATGTACATGCTATGTATTATTGTGCATTCATTTATTTTCCATACGGCAAGTTAAAGCCCGTATTAATTATCATTAATTTTACATATTACATAATATGTATGATCTTACATATTATACATCCCCTAACAATTTTATTTCCATTGTATCCTATGGTCACTCCATTAGATCACGAGCTTAATCACCACGCCG",348
">286d89fbf92c268334883c34e1b637e5","CATAAACTATTCCTTGAAAAAAGCTTATTGTATAATTACCACAACCCCACAGTGCCACGTCAGTATTAAAAGTAATTTATTTTAATAACATTTTACTGTACACATCACATATACACATACACACACCAATACTTATAGTCTCTCCTTGTAAGTATTTATATGTACATGCTATGTATTATTGTGCATTCATTTATTTTCCATACGGCAAGTTAAAGCCCGTATTAATTATCATTAATTTTACATATTACATAATATGTATGATCTCACATATTATACATCCCCTAACAATTTTATTTCCATTGTATCCTATGGTCACTCCATTAGATCACGAGCTTAATCACCATGCCG",348
">28f27a419ea4cd761e1d243ee908d818","CATAAACTATTCCTTGAAAAAAGCTTATTGTACAATTACCACAACCCCACAGTGCCACGTCAGTATTAAAAGTAATTTATTTTAAAAACATTTTACTGTACACATTACATATACACATACACACACCAATACTTATAGTCTCTCCTTGTAAATATTTATATGTACATGCTATGTATTATTGTGCATTCATTTATTTTCCATACGGCAAGTTAAAGCCCGTATTAATCATCATTAATTTTACATATTACATAATATGTATGATCTTACATATTATATATCCCCTAACAATTTTATCTCCATTGTATCCTATGGTCACTCCATTAGACCACGAGCTTAATCACCATGCCG",348
">296a07d478da711af81eaca412a451e8","CATAAACTATTCCCTGAAAAAAGCTTATTGTATAATTACCACAACCCCACAGTGCCAGGTCAGTATTAAAAGTAATTTATTTTAAAAACATTTTACTGTACACATTACATATACACATACACACACCAATACTTATAGTCTCTCCTTGTAAATATTTATATGTACATGCTATGTATTATTGTGCATTCATTTATTTTCCATACGGCAAGTTAAAGCCCGTATTAATTATCATTAATTTTACATATTACATAATATGTATGATCTTACATATTATACATCCCCTAACAATTTTATTTCCATTGTATCCTATGGTCACTCCATTAGATCACGAGCTTAATCACCATGCCG",348
">2b0b948389a4e739942bba621ebd280f","CATAAACTATTCCTTGAAAAAAGCTTATTGTATAATTACCACAACCCCACAGTGTCACGTCAGTATTAAAAGTAATTTATTTTAAAAACATTTTACTGTACACATTACATATACACATACACACACCAATACTTATAGTCTCTCCTTGTAAATATTTATATGTACATGCTATGTATTATTGTACATTCATTTATTTTCCATACGGCAAGTTAAAGCCCGTATTAATTATCATTAATTTTACATATTACATAATATGTATGATCTTACATATTATACATCCCCTAACAATTTTATTTCCATTGTATCCTATGGTCACTCCATTAGATCACGAGCTTAATCACCATGCCG",348
">3072175f32c9dd9cdf03394747b5fc33","CATAAACTATTCCTTGAAAAAAGCTTATTGTATAATTACCACAACCCCACAGTGCCACGTCAGTATTAAAAGTAATTTATTTTAAAAACATTTTACTGTACACATTACATATACACATACACACACCAATACTTATAGTCTCTCCTTGTAAATATTTATATGTACATGCTATGTATTATTGTGCATTCATTTATTTTCCATACGGCAAGTTAAAGCCCGTATTAATTATCATTAATTTTACATATTACATAATATGTATGATCTTACATATTATACGTCCCCTAACAATTTTATTTCCATTGTATCCTATGGTCACTCCATTAGATCACGAGCTTAATCACCATGCCG",348
">3686b00ae5477e8e034f9bf405f35fa2","CATAAACTATTCCTTGAAAAAAGCTTATTGTACAATTACCACAACCCCACAGTGCCACGTCAGTATTAAAAGTAATTTATTTTAAAAACATTTTACTGTACACATTACATATACACATACACACACCAATACTTATAGTCTCTCCTTGTAAATATTTATATGTACATGCTATGTATTATTGTGCATTCATTTATTTTCCATACGGCAAGTTAAAGCCCGTATTAATCATCATTAATTTTACATATTACATAATATGTATGATCTTACATATTATACATCCCCTAACAATTTTATTTCCATTGTATCCTATGGTCGCTCCATTAGATCACGAGCTTAATCACCATGCCG",348
">3cad771f44fac4a6769a9f8acd4f9e22","CATAAACTATTCCTTGAAAAAAGCTTATTGTACAATTACCACAACCCCACAGTGCCACGTCAGTATTAAAAGTAATTTATTTTGAAAACATTTTACTGTACACATTACATATACACATACATACACCAATACTTATAGTCTCTCCTTGTAAATATTTATATGTACATGCTATGTATTATTGTGCATTCATTTATTTTCCATACGGCAAGTTAAAGCCCGTATTAATCATCATTAATTTTACATATTACATAATATGTATGATCTTACATATTATACATCCTCTAACAATTTTATTTCCATTGTATCCTATGGTCGCTCCATTAGATCACGAGCTTAATCACCATGCCG",348
">3d7d5acc0b403b604468ae7a88858273","CATAAACTATTCCTTGAAAAAAGCTTATTGTATAATTACCACAACCCCACAGTGCCACGTCAGTATTAAAAGTAATTTATTTTAAAAACATTTTACTGTACACATTACATATACACATACACACACCAATACTTATAGTCTCTCCTTGTAAATATTTATATGTACATGCTATGTATTATTGTGCATTCATTTATTTTCCATACGGCAAGTTAAAGCCCGTATTAATTATCATTAATTTTACATATTACATAATATGTATGATCTTACATATTATATATCCCCTAACAATTTTATTTCCATTGTATCCTATGGTCACTCCATTAGATCACGAGCTTAATCACCATGCCG",348
">3eaf1d61d2b2d037fe64b6805620dcb9","CATAAACTATTCCTTGAAAAAAGCTTATTGTACAATTACCACAACCCCACAGTGCCACGTCAGTATTAAAAGTAATTTATTTTAAAAACATTTTACTGTACACATTACATATACACATACACACACCAATACTTATAGTCTCTCCTTGTAAATATTTATATGTACATGCTATGTATTATTGTGCATTCATTTATTTTCCATACGGCAAGTTAAAGCCCGTATTAATCATCATTAATTTTACATATTACATAATATGTATGATCTTACATATTATACATCCTCTAACAATTTTATTTCCATTGTATCCTATGGTCGCTCCATTAGATCACGAGCTTAATCACCATGCCG",348
">417b9d3bbc781d131cf934bf4ddae56b","CATAAACTATTCCTTGAAAAAAGCTTATTGTATAATTACCACAACCCCACAGTGCCACGTCAGTATTAAAAGTAATTTATTTTAAAAACATTTTACTGTACACATTACATATACACATACACACCCCAATACTTATAGTCTCTCCTTGTAAATATTTATATGTACATGCTATGTATTATTGTGCATTCATTTATTTTCCATACGGCAAGTTAAAGCCCGTATTAATTATCATTAATTTTACATATTACATAATATGTATGATCTTACATATTATACATCCCCTAACAATTTTATTTCCATTGTATCCTATGGTCACTCCATTAGATCACGAGCTTAATCACCATGCCG",348
">42828a40f9e45880375644f621432748","CATAAACTATTCCTTGAAAAAAGCTTATTGTATAATTACCACAACCCCACAGTGCCACGTCAGTATTAAAAGTAATTTATTTTAAAAACATTTTACTGTACACATTACATATACACATACACACACCAATACTTATAGTCTCTCCTTGTAAATATTTATATGTACATGCTATGTATTATTATGCATTCATTTATTTTCCATACGACAAGTTAAAGCCCGTATTAATTATCATTAATTTTACATATTACATAATATGTATGATCTTACATATTATACATCCCCTAACAATTTTATTTCCATTGTATCCTATGGTCACTCCATTAGATCACGAGCTTAATCACCATGCCG",348
">4e1c2f24fe655a523363ebff35ffe4fd","CATAAACTATTCCTTGAAAAAAGCTTATTGTATAATTACCACAACCCCACAGTGCCACGTCAGTATTAAAAGTAATTTATTTTAAAAACATTTTACTGTACACATTACATATACACATACACACACCAATACTTATAGTCTCTCCTTGTAAATATTTATATGTACATGCTATGTATTATTGTGCATTCATTTATTTTCCATACGGCAAGTTAAAGCCCGTATTAATTATCATTAATTTTACATATTACATAATATGCATACTCGTACATATTATATGTCCCCTAATAATTTTATTTCCATTGTATCCTATGGTCACTCCATTAGATCACGAGCTTAATCACCATGCCG",348
">4fb9f248bd437ab773b6231e25d9b820","CATAAACTTTCCTTGAAAAAGGCTTATTGTAGAGTTACCATAACATTATAGTACTATGTCAGTATTAAAAGTAATTTATTTTAAAAACATTTTACTGTACACATTACATATACACATACACACACCAATACTTATAGTCTCTCCTTGTAAATATTTATATGTACATGCTATGTATTATTGTGCATTCATTTATTTTCCATACGGCAAGTTAAAGCCCGTATTAATTATCATTAATTTTACATATTACATAATATGTATGATCTTACATATTATACATCCCCTAACAATTTTATTTCCATTGTATCCTATGGTCACTCCATTAGATCACGAGCTTAATCACCATGCCG",347
">52c74845685b6d3a47eaccb7c858ff4e","CATAAACTATTCCTTGAAAAAAGCTTATTGTATAATTACCACAACCCCACAGTGCCACGTCAGTATTAAAAGTAATTTATTTTAAAAACATTTTACTGTACACATTACATATACACATACACACACCAATACTTATAGTCTCTCCTTGTAAATATTTATATGTACATGCTATGTATTATTGTGCATTCATTTATTTTCCATACGGCAAGTTAAAGCCCGTATTAATTATCATTAATTTTACATATTACATAATATGTATGATCTTACATATTATACATCCCCTAACAGTTTTATTTCCATTGTATCCTACGATCACTCCATTAGATCACGAGCTTAATCACCATGCCG",348
">551a58ca55279cb37b77630476f6bb6e","CATAAACTATTCCTTGAAAAAAGCTTATTGTATAATTACCACAACCCCACAGTGCCACGTCAGTATTAAAAGTAATTTATTTTAAAAACATTTTACTGTACACATTACATATACACATACACACACCAATACTTATAGTCTCTCCTTGTAAATATTTATATGTACATGCTATGTATTATTGTGCATTCATTTATTTTCCATACGGCAAGTTAAAGCCCGTATTAATTATCATTAATTTTACATATTACATAATATGTATACAATTACATATTATACATCCCCTAACAATTTTATAACCAAAGTATCCTATGGTCACTCCATTAGATCACGAGCTTAATCACCATGCCG",348
">5a11c8b731cc22b68cd89e67ce9ff431","CATAAACTATTCCTTGAAAAAAGCTTATTGTATAATTACCACAACCCCACAGTGCCACGTCAGTATTAAAAGTAATTTATTTTAAAAACATTTCACTGTCCACATTACATATACACAAACACACACCAATACTTATAGTCTCTCCTTGTAAATATTTATATGTACATGCTATGTATTATTGTGCATTCATTTATTTTCCATACGGCAAGTTAAAGCCCGTATTAATTATCATTAATTTTACATATTACATAATATGTATGATCTTACATATTATACATCCCCTAACAATTTTATTTCCATTGTATCCTATGGTCACTCCATTAGATCACGAGCTTAATCACCATGCCG",348
">5ca54621f206b61de91357ad248f6a83","CATAAACTATTCCTTGAAAAAAGCTTATTGTATAATTACCACAACCCCACAGTGCCACGTCAGTATTAAAAGTAATTTATTTTAAAAACATTTTACTGTACACATTACATATACACATACACACACCAATACTTATAGTCTCTCCTTGTAAATATTTATATGTACATGCTATGTATTATTGTGCATTCATTTATTTTCCATACGGCAAGTTAAAGCCCGTATTAATTATCATTAATTTTACATATTACATAATATGTATTATCTTCCATATTATCCATCCCCTAACAATTTTATTTCCATTGTATCCTATGGTCACTCCATTAGATCACGAGCTTAATCACCATGCCG",348
">618071c97c878266adc32b5e61528430","CATAAACTATTCCTTGAAAAAAGCTTATTGTACAATTACCACAACCCCACAGTGCCACGTCAGTATTAAAAGTAATTTATTTTAAAAACATTTTACTGTACACATTACATATACACATACACACACCAATACTTATAGTCTCTCCTTGTAAATATTTATATGTAGATGCTATGTATTATTGTGCATTCATTTATTTTCCATACGACAAGTTAAAGCCCGTATTAATCGTCATTAATTTTACATATTACATAATATGTATGATCTTACATATTATACATCCTCTAACAATTTTATTTCCATTGTATCCTATGGTCGCTCCATTAGATCACGAGCTTAATCACCATGCCG",348
">61a203024a17f3a373e84a1af1f32e15","CATAAACTATTCCTTGAAAAAAGCTTATTGTACAATTACCACAACCCCACAGTGCCACGTCAGTATTAAAAGTAATTTATTTTAAAAACATTTTACTGTACACATTACATATACACATACACACACCAATACTTATAGTCTCTCCTTGTAAATATTTATATGTACATGCTATGTATTATTGTGCATTCATTTATTTTCCATACGGCAAGTTAAAGCCCGTATTAATTATCATTAATTTTACATATTACATAATATGTATGATCTTACATATTATACATCCCCTAACAATTTTATCTTCATTGTATCCTATGGTCGCTCCATTAGATCACGAGCTTAATCACCATGCCG",348
">61abc5b7b8d4c1dba6cd7d89041f2e33","CATAAACTATTCCTTGAAAAAAACTTATTGTACAATTACCACAACCCCACAGTGCCACGTCAGTATTAAAAGTAATTTATTTTAAAAACATTTTACTGTACACATTACATATACACATACACACACCAATACTTATAGTCTCTCCTTGTAAATATTTATATGTACATGCTATGTATTATTGTGCATTCATTTATTTTCCATACGGCAAGTTAAAGCCCGTATTAATCATCATTAATTTTACATATTACATAATATGTATGATCTTACATATTATACATCCTCTAACAATTTTATTTCCATTGTATCCTATGGTCGCTCCATTAGATCACGAGCTTAATCACCATGCCG",348
">634d23ddc9a113ed2436ff066905a180","CATAAACTATTCCTTGAAAAAAGCTTATTGTACAATTACCACAACCCCACAGTGCCACGTCAGTATTAAAAGTAATTTATTTTAAAAACATTTTACTGTACACATTACATATACACATACACACACCAATACTTATAGTCTCTCCTTGTAAATATTTATATGTACATGCTATGTATTATTGTGCATTCATTTATTTTCCATACGGCAAGTTTAAGCCCGTATTAATTGTCATTAATTTTACATATTACATAATATGTATGATCTTACATATTATACATCCCCTAACAATTTTACCTCCATTGTATCCTATGGTCACTCCATTAGATCACGAGCTTAATCACCATGCCG",348
">663acefaa735852e644d96b948c3ff16","CATAAACTATTCCTTGAAAAAAGCTATTTGTATAATTACCACAACCCCACAGTGCCACGTCAGTATTAAAAGTAATTTATTTTAAAAACATTTTACTGTACACATTACATATACACATACACACACCAATACTTATAGTCTCTCCTTGTAAATATTTATATGTACATGCTATGTATTATTGTGCATTCATTTATTTTCCATACGGCAAGTTAAAGCCCGTATTAATTATCATTAATTTTACATATTACATAATATGTATGATCTTACATATTATACATCCCCTAACAATTTTATTTCCATTGTATCCTATGGTCACTCCATTAGATCACGAGCTTAATCACCATGCCG",348
">6734f31d5d851b0dbac363de7fad3ff9","CATAAACTATTCCTTGAAAAAAGCTTATTGTACAATTACCACAACCCCACAGTGCCACGTCAGTATTAAAAGTAATTTATTTTAAAAACATTTTACTGTACACATTACATATACACATACACACACCAATACTTATAGTCTCTCCTTGTAAATATTTATATGTACATGCTATGTATTATTGTGCATTCATTTATTTTCCATACGGCAAGTTAAAGCCCGTATTAATTGTCATTAATTTTACATATTACATAATATGTATGATCTTACATATTATACATCCCCTAACAATTTTACCTCCATTGTATCCTATGGTCACTCCATTAGATCACGAGCTTAATCACCATGCCG",348
">67af042b881ed98ebcba0d99509d82e3","CATAAACTATTCCTTGAAAAAAGCTTATTGTATAATTACCACAACCCCACAGTGCCACGTCAGTATTAAAAGTAATTTATTTTAAAAACATTTTACTGTACACATTACATATACACATACACACACCAATACTTATAGTCTCTCCTTGTAAATATTTATATGTACATGCTATGTATTATTGTGCATTCATTTATTTTCCATACGGCAAGTTAAAGCCCGTATTAATTATCATTAATTTTACATATTACATAATATGTATGATCTTACATATTATACATCCCCTAACAATTTTATTTTCATTGTATCCTATGGTCACTCCATTAGATCACGAGCTTAATCACCATGCCG",348
">6965c0aa6ba7a43e2acaae821c4702be","CATAAACTATTCCTTGAAAAAAGCTTATTGTATAATTACCACAACCCCACAGTGCCACGTCAGTATTAAAAGTAATTTATTTTAAAAACATTTTGCTGTACACATTACATATACACATACACACACCAATACTTATAGTCTCTCCTTGTAAATATTTATATGTACATGCTATGTATTATTGTGCATTCATTTATTTTCCATACGGCAAGTTAAAGCCCGTATTAATTATCATTAATTTTACATATTACATAATATGTATGATCTTACATATTATACATCCCCTAACAATTTTATTTCCATTGTATCCTATGGTCACTCCATTAGATCACGAGCTTAATCACCATGCCG",348
">6aad79c7256969bcde3cbec0109a3eea","CATAAACTATTCCTTGAAAAAAGCTTATTGTATAATTACCACAACCCCACAGTGCCACGTCAGTATTAAAAGTAATTTATTTAAAAAACATTTTACTGTACACGTCACATATACACATACACACACCAATACTTATAGTCTCTCCTTGTAAATATTTATATGTACATGCTATGTATTATTGTGCATTCATTTATTTTCCATACGGCAAGTTAAAGCCCGTATTAATTATCATTAATTTTACATATTACATAATATGTATGATCTTACATATTATACATCCCCTAACAATTTTATTTCCATTGTATCCTATGGTCACTCCATTAGATCACGAGCTTAATCACCATGCCG",348
">6afd0cf26021d1e1b9231f49076866e0","CATAAACTATTCCTTGAAAAAAGCTTATTGTATAATTACCACAACCCCACAGTGCCACGTCAGTATTAAAAGTAATTTATTTTAAAAACATTTTACTGTACACATTACATATACACATACACACACCAATACTTATAGTCTCTCCTTGTTAATATTTATATGTACATGCTATGTATTATTGTGCATTCATTTATTTTCCATACGGCAAGTTAAAGCCCGTATTAATTATCATTAATTTTACATATTACATAATATGTATGATCTTACATATTATACATCCCCTAACAATTTTATTTCCATTGTATCCTATGGTCACTCCATTAGATCACGAGCTTAATCACCATGCCG",348
">6f2260c2984a791fc340bb21ee2185bc","CATAAACTATTCCTTGAAAAAAGCTTATTGTATAATTACCACAACCCCACAGTGCCACGTCAGTATTAAAAGTAATTTATTTTAATAACATTTTACTGTACACATCACATATACACATACACACACCAATACTTATAGTCTCTCCTTGTAAATATTTATATGTACATGCTATGTATTATTGTGCATTCATTTATTTTCCATACGGCAAGTTAAAGCCCGTATTAATTATCATTAATTTTACATATTACATAATATGTATGATCTTACATATTATACATCCCCTAACAATTTTATTTCCATTGTATCCTATGGTCACTCCATTAGATCACGAGCTTAATCACCATGCCG",348
">6f627fae337943da1c95c4b1c91339f5","CATAAACTATTCCTTGAAAAAAGCTTATTGTATAATTACCACAACCCCACAGTGCCACGTCAGTATTAAAAGTAATTTATTTTAAAAACATTTTACCGTACACATTACATATACACATACACACACCAATACTTATAGTCTCTCCTTGTAAATATTTATATGTACATGCTATGTATTATTGTGCATTCATTTATTTTCCATACGGCAAGTTAAAGCCCGTATTAATTATCATTAATTTTACATATTACATAATATGTATGATCTTACATATTATACATCCCCTAACAATTTTATTTCCATTGTATCCTATGGTCACTCCATTAGATCACGAGCTTAATCACCATGCCG",348
">70b20f087d1b0da9eef43143f267b865","CATAAACTATTCCTTGAAAAAAGCTTATTGTATAATTACCACAACCCCACAGTGCCACGTCAGTATTAAAAGTAATTTATTTTAAAAACATTTTACTGTACACATTACATATACACATACACACACCAATACTTATAGTCTCTCCTTGTAAATATTTATATGTACATGCTATGTATTATTGTGCATTCATTTATTTTCCATACGGCAAGTTAAAGCCCGTATTAATTATCATTAATTTTACATATTACATAATATGTATGATCTTACATATTATATATCCCCTAACAATTTTATTTCCATTGTATCCTATGGTCACTCCATTAGATCACGACCTTAATCACCATGCCG",348
">70c241c6f7367b9e1588bb542d126a87","CATAAACTATTCCTTGAAAAAAGCTTATTGTATAATTACCACAACCCCACAGTGCCACGTCAGTATTAAAAGTAATTTATTTTAAAAACATTTTACTGTACACATTACATATACACATACACACACCAATACTTATAGTCTCTCCTTGTAAATATTTATATGTACATGCTATGTATTATTGTGCATTCATTTATTTTCCATACGGCAAGTTAAAGCCCGTATTAATTATCATTAATTTTACATATTACATAATATGTATGATCTTACATATTATACATCCCCCTACAATTTTATTTCCATTGTATCCTATGGTCACTCCATTAGATCACGAGCTTAATCACCATGCCG",348
">72a9c182ce68d490495d0b31038af6c8","CATAAACTATTCCTTGAAAAAGCTTATTGTAGAGTTACCATAACATTATAGTACTATGTCAGTATTAAAAGTAATTTATTTTAAAAACATTTTACTGTACACATTACATATACACATACACACACCAATACTTATAGTCTCTCCTTGTAAATATTTATATGTACATGCTATGTATTATTGTGCATTCATTTATTTTCCATACGGCAAGTTAAAGCCCGTATTAATTATCATTAATTTTACATATTACATAATATGTATGATCTTACATATTATACATCCCCTAACAATTTTATTTCCATTGTATCCTATGGTCACTCCATTAGATCACGAGCTTAATCACCATGCCG",347
">73d56f1544ea02e70160537b7d2ad290","CATAAACTATTCCTTGAAAAAAGCTTATTGTATAATTACCACAACCCCACAGTGCCACGTCAGTATTAAAAGTAATTTATTTTAAAAACATTTTACTGTACACATTACATATACACATACACACACCAATACTTATAGTCTCTCCTTGTAAATATTTATATGTACATGCTATGTATTATTGTGCATTCATTTATTTTCCATACGGCAAGTTAAAGCCCGTATTAATTATCATTAATTTTACATATTACATAATATGTATGATCTTACATATTATACATCCCCTAACAATTTTATTTCCATTGTATCCTATGGCCACTCCATTAGATCACGAGCTTAATCACCATGCCG",348
">768617a655b01e5a944444064271ba64","CATAAACTATTCCTTGAAAAAAGCTTATTGTACAATTACCACAACCCCACAGTGCCACGTCAGTATTAAAAGTAATTTATTTTAAAAACATTTTACTGTACACATTACATATACACATACACACACCAATACTTATAGTCTCTCCTTGTAAATATTTATATGTACATGCTATGTATTATTTTGCATTCATTTATTTTCCATACGGCAAGTTAAAGCCCGTATTAATCATCATTAATTTTACATATTACATAATATGTATGATCTTACATATTATACATCCTCTAACAATTTTATTTCCATTGTATCCTATGGTCGCTCCATTAGATCACGAGCTTAATCACCATGCCG",348
">7689f6be7df590e3f35f38320748719d","CATAAACCATTCCTTGAAAAAAGCTTATTGTATAATTACCACAACCCCACAGTGCCACGTCAGTATTAAAAGTAATTTATTTTAAAAACATTTTACTGTACACATTACATATACACATACACACACTAATACTTATAGTCTCTCCTTGTAAATATTTATATGTACATGCTATGTATTATTGTGCATTCATTTATTTTCCATACGGCAAGTTAAAGCCCGTATTAATTATCATTAATTTTACATATTACATAATATGTATGATCTTACATATTATACATCCCCTAACAATTTTATTTCCATTGTATCCTATGGTCACTCCATTAGATCACGAGCTTAATCACCATGCCG",348
">77e2bb79e7b444f7eac9adf383186092","CATAAACTATTCCTTGAAAAAAGCTTATTGTACAATTACCACAACCCCACAGTGCCACGTCAGTATTAAAAGTAATTTATTTTAAAACCATTTTACTGTACACATTACATATACACATACACACACCAATACTTATAGTCTCTCCTTGTAAATATTTATATGTACATGCTATGTATTATTGTGCATTCATTTATTTTCCATACGGCAAGTTAAAGCCCGTATTAATCATCATTAATTTTACATATTACATAATATGTATGATCTTACATATTATACATCCTCTAACAATTTTATTTCCATTGTATCCTATGGTCGCTCCATTAGATCACGAGCTTAATCACCATGCCG",348
">79a42b41f968b62f77b97cabece3061e","CATAAACTATTCCTTGAAAAAAGCTTATTGTATAATTACCACAACCCCACAGTGCCACGTCAGTATTAAAAGTAATTTATTTTAAAAACATTTTACTGTACACATTACATATACACATACACACACCAATGCCTATAGTCTCTCCTTGTAAATATTCATATGTACATGCTATGTATTATTGTGCATTCATTTATTTTCCATACGGCAAGTTAAAGCCCGTATTAATTATCATTAATTTTACATATTACATAATATGTATGATCTTACATATTATACATCCCCTAACAATTTTATTTCCATTGTATCCTATGGTCACTCCATTAGATCACGAGCTTAATCACCATGCCG",348
">79c9c62b033c3b2ff99c60ee44ef5a7d","CATAAACTATTCCTTGAAAAAAGCTTATTGTATAATTACCACAACCCCACAGTGCCACGTCAGTATTAAAAGTAATTTATTTTAAAAACATTTTACTGTACACATTACATATACACATACACACACCAATACTTATAGTCTCTCCTTGTAAATATTTATATGTACATGCTATGTATTATTGTGCATTCATTTATTTTCCATACGGCAAGTTAAAGCCCGTATTAATTATCATTAATTTTACATATTACATAATATGTATGATCTGACATATTATACATCCCCTAACAATTTTATTTCCATTGTATCCTATGGTCACTCCATTAGATCACGAGCTTAATCACCATGCCG",348
">7ff8cb0d7d9ef1dac54b3ff81bc57488","CATAAACTATTCCTTGAAAAAAGCTTATTGTATAATTACCACAACCCCACAGTGCCACGTCAGTATTAAAAGTAATTTATTTTAAAAACATTTTACTGTACACATTACATATACACATACACACACCAATACTTATAGTCTCTCCTTGTAAATATTTATATGTATATGCTATGTATTATTGTGCATTCATTTATTTTCCATACGGCAAGTTAAAGCCCGTATTAATTATCATTAATTTTACATATTACATAATATGTATGATCTTACATATTATACATCCCCTAACAATTTTATTTCCATTGTATCCTATGGTCACTCCATTAGATCACGAGCTTAATCACCATGCCG",348
">8284acdc9b41384c98a510c06a19c76c","CATAAACTATTCCTTGAAAAAAGCTTATTGTATAATTACCACAACCCCACAGTGCCACGTCAGTATTAAAAGTAATTTATTTTAAAAACATTTTACTGTACACATTACATATACACATACACACACCAATACTTATAGTCTCTCCTTGTAAATATTTATATGTACATGCTATGTATTATTGTGCATTCATTTATTTTCCATACGGCAAGTTTAAGCCCGTATTAATTATCATTAATTTTACATATTACATAATATGTATGATCTTACATATTATACATCCCCTAACAATTTTATTTCCATTGTATCCTATGGTCACTCCATTAGATCACGAGCTTAATCACCATGCCG",348
">85999a631af7e63c2137ac037a731ccc","CATAAACTATTCCTTGAAAAAAGCTTATTGTATAATTACCACAACCCCACAGTGCCACGTCAGTATTAAAAGTAATTTATTTTAAAAACATTTTACTGTACACATTACATATACACATACACACACCAATACTTATAGTCTCTCCTTGTAAATATTTATATGTACATGCTATGTATTATTGTGCATTCATTTATTTTCCATACGGCAAGTTAAAGCCCGTATTAATTATCATTAATTTTACATATTACATAATATGTATGATCTTACATATTATACATCCCCTAACAATTTTATTTCCATTGTATCCTATGGTCACTCCATTAGATCACGAGCTTAATCACCATGCCG",348
">870c86c011cd2c935f1e84ef6111521f","CATAAACTATTCCTTGAAAAAAGCTTATTGTGTAATTACCACAACCCCACAGTGCCACGTCAGTATTAAAAGTAATTTATTTTAAAAACATTTTACTGTACACATTACATATACACATACACACACCAATACTTATAGTCTCTCCTTGTAAATATTTATATGTACATGCTATGTATTATTGTGCATTCATTTATTTTCCATACGGCAAGTTAAAGCCCGTATTAATTATCATTAATTTTACATATTACATAATATGTATGATCTTACATATTATACATCCCCTAACAATTTTATTTCCATTGTATCCTATGGTCACTCCATTAGATCACGAGCTTAATCACCATGCCG",348
">875f13b5a30473798631d51a1b8f2fb6","CATAAACTATTCCTTGAAAAAAGCTTATTGTACAATTACCACAACCCCACAGTGCCACGTCAGTATTAAAAGTAATTTATTTTAAAAACATTTTACTGTACACATTACATATACACATACACACACCAATACTTATAGTCTCTCCTTGTAAATATTTATATGTACATGCTATGTATTATTGTGCATTCATTTATTTTCCATACGGCAAGTTAAAGCCCGTATTAATCATTATTAATTTTACATATTACATAATATGTATGATCTTACATATTATACATCCTCTAACAATTTTATTTCCATTGTATCCTATGGTCGCTCCATTAGATCACGAGCTTAATCACCATGCCG",348
">889b042a5f8f805bc4a22852f5494edc","CATAACCTATTCCTTGAAAAAGGCTTATTGTATAATTACCACAACCCCACAGTGCCACGTCAGTATTAAAAGTAATTTATTTTAAAAACATTTTACTGTACACATTACATATACACATACACACACCAATACTTATAGTCTCTCCTTGTAAATATTTATATGTACATGCTATGTATTATTGTGCATTCATTTATTTTCCATACGGCAAGTTAAAGCCCGTATTAATTATCATTAATTTTACATATTACATAATATGTATGATCTTACATATTATACATCCCCTAACAATTTTATTTCCATTGTATCCTATGGTCACTCCATTAGATCACGAGCTTAATCACCATGCCG",348
">89642aa7a69a6df05c327bcfaa9d8b10","CATAAACTATTCCTTAAAAAAAGCTTATTGTACAATTACCACAACCCCACAGTGCCACGTCAGTATTAAAAGTAATTTATTTTAAAAACATTTTACTGTACACATTACATATACACATACACACACCAATACTTATAGTCTCTCCTTGTAAATATTTATATGTACATGCTATGTATTATTGTGCATTCATTTATTTTCCATACGGCAAGTTAAAGCCCGTATTAATCATCATTAATTTTACATATTACATAATATGTATGATCTTACATATTATACATCCTCTAACAATTTTATTTCCATTGTATCCTATGGTCGCTCCATTAGATCACGAGCTTAATCACCATGCCG",348
">8f941850344393a589bbaa0533f70ce2","CATAAACTATTCCTTGAAAAAAGCTTATTGTATAATTACCACAACCCTACAGTGCCACGTCAGTATTAAAAGTAATTTATTTTAAAAACATTTTACTGTACACATTACATATACACATACACACACCAATACTTATAGTCTCTCCTTGTAAATATTTATATGTACATGCTATGTATTATTGTGCATTCATTTATTTTCCATACGGCAAGTTAAAGCCCGTATTAATTATCATTAATTTTACATATTACATAATATGTATGATCTTACATATTATACATCCCCTAACAATTTTATTTCCATTGTATCCTATGGTCACTCCATTAGATCACGAGCTTAATCACCATGCCG",348
">91a77d9017e59d7c447add503058731e","CATAAACTATTCCTTGAAAAAAGCTTATTGTACAATTACCACAACCCCACAGTGCCACGTCAGTATTAAAAGTAATTTATTTTAAAAACATTTTACTGTACACATTACATATACACATACACACACCAATACTTATAGTCTCTCCTTGTAAATATTTATATGTACATGCTATGTATTATTGTGCATTCATTTATTTTCCATACGGCAAGTTAAAGCCCGTATTAATCATCATTAATTTTACATATTACATAATATGTATACAATTACATATTATACATCCTCTAACAATTTTATAACCAAAGTATCCTATGGTCGCTCCATTAGATCACGAGCTTAATCACCATGCCG",348
">946c5616ad3939a6cd3dd5baab43549e","CATAAACTATTCCTTGAAAAAAGCTTATTGTATAATTACCACAACCCCACAGTGCCACGTCAGTATTAAAAGTAATTTATTTTAAAAACATTTTACTGTACACATTACACATACACATACACACACCAATACTTATAGTCTCTCCTTGTAAATATTTATATGTACATGCTATGTATTATTGTGCATTCATTTATTTTCCATACGGCAAGTTAAAGCCCGTATTAATCATCATTAATTTTACATATTACATAATATGTATGATCTTACATATTATACATCCTCTAACAATTTTATTTCCATTGTATCCTATGGTCGCTCCATTAGATCACGAGCTTAATCACCATGCCG",348
">99d59baed2b6ce28e700c00b8137d367","CATAAACTATTCCTTGAAAAAAGCTTATTGTACAATTACCACAACCCCACAGTGCCACGTCAGTATTAAAAGTAATTTATTTTAAAAACATTTTACTGTACACATTACATATACACATACACACACCAATACTTATAGTCTCTCCTTGTAAATATTTATATGTACATGCTATGTATTATTGTGCATTCATTTATTTTCCATACAACAAATTAAAACCCGTATTAATCATCATTAATTTTACATATTACATAATATGTATGATCTTACATATTATACATCCTCTAACAATTTTATTTCCATTGTATCCTATGGTCGCTCCATTAGATCACGAGCTTAATCACCATGCCG",348
">9af242c2c709430422ef1ee4c2b9203b","CATAAACTATTCCTTGAAAAAAGCTTATTGTATAATTACCACAACCCCACAGTGCCACGTCAGTATTAAAAGTAATTTATTTTAAAAACATTTTACTGTACACATTACATATACACATACACCCACCAATACTTATAGTCTCTCCTTGTAAATATTTATATGTACATGCTATGTATTATTGTGCATTCATTTATTTTCCATACGGCAAGTTAAAGCCCGTATTAATTATCATTAATTTTACATATTACATAATATGTATGATCTTACATATTATACATCCCCTAACAATTTTATTTCCATTGTATCCTATGGTCACTCCATTAGATCACGAGCTTAATCACCATGCCG",348
">9b8d990b1a5cf9aa3a7609db638938e0","CATAAACTATTCCTTGAAAAAAGCTTATTGGATAATTACCACAACCCCACAGTGCCACGTCAGTATTAAAAGTAATTTATCTTAAAAACATTTAACTGTACACATTACATATACACATACACACACCAATACTTATAGTCTCTCCTTGTAAATATTTATATGTACATGCTATGTATTATTGTGCATTCATTTATTTTCCATACGGCAAGTTAAAGCCCGTATTAATTATCATTAATTTTACATATTACATAATATGTATGATCTTACATATTATACATCCCCTAACAATTTTATTTCCATTGTATCCTATGGTCACTCCATTAGATCACGAGCTTAATCACCATGCCG",348
">9ff2a3fb253bcfb005b02d288f007f90","CATAAACTATTCCTTGAAAGAAGCTTATTGTATAATTACCACAACCCCACAGTGCCACGTCAGTATTAAAAGTAATTTATTTTAAAAACATTTTACTGTACACATTACATATACACATACACACACCAATACTTATAGTCTCTCCTTGTAAATATTTATATGTACATGCTATGTATTATTGTGCATTCATTTATTTTCCATACGGCAAGTTAAAGCCCGTATTAATTATCATTAATTTTACATATTACATAATATGTATGATCTTACATATTATACATCCCCTAACAATTTTATTTCCATTGTATCCTATGGTCACTCCATTAGATCACGAGCTTAATCACCATGCCG",348
">a02e1529c19996471ed9ac7f09ad65ba","CATAAACTATTCCTTGAAAAAAGCTTATTGTATAATTACCACAACCCCACAGTGCCACGTCAGTATTAAAAGTAATTTATTTTAAAAACATTTTACTGTACACATTACATATACACATACACACACCAATACTTATAGTCTCTCCTTGTAAATATTTATATGTACATGCTATGTATTATTGTGCATTCATTTATTTTCCATACGGCAAGTTAAAGCCCGTATCAATTATCATTAATTTTACATACTACATAATATGTATGATCTTACATATTATACATCCCCTAACAATTTTATTTCCATTGTATCCTATGGTCACTCCATTAGATCACGAGCTTAATCACCATGCCG",348
">a0ed3b0a34b96db3f1a5a789f05a9f89","CATAAACTATTCCTTGAAAAAAGCTTATTGTATAATTACCACAACCCCACAGTGCCACGTCAGTATTAAAAGTAATTTATTTTAAAAACATTTTACTGTACACATTACATATACACATACACACACCAATACTTATAGTCTCTCCTTGTAAATATTTATATGTACATGCTATGTATTATTGTGCATTCATTTATTTTCCATACGGCAAGTTAAAGCCCGTATTAATTATCATTAATTTTACATATTACATAATATGTATGATCTCACATATTATACATCCCCTAACAATTCTATTTCCATTGGATCCTATGGTCACTCCATTAGATCACGAGCTTAATCACCATGCCG",348
">a1c65af73416537bfbb472ee72fe363d","CATAAACTATTCCTTGAAAAAAGCTTATTGTATAATTACCACAACCCCACAGTGCCACGTCAGTATTAAAAGTAATTTATTTTAAAAACATTTTACTGTACACATTACATATACACATACACACACCAATACTTATAGTCTCTCCTTGTAAATATTTATATGTACATGCTATGTATTATTGTGCATTCATTTATTTTCCATACGGCAAGTTAAAGCCCGTATTAATTATCATTAATTTTACATATTACATAATATGCATACTCGTACATATTATATGTCCCCTAATAATTTTATTTCCATTATATCCTATGGCCGCTCCATTAGATCACGAGCTTAATCACCATGCCG",348
">a38f00062979615c54ff33953daeb93d","CATAAACTATTCCTTGAAAAAAGCTTATTGTACAATTACCACAACCCCACAGTGCCACGTCAGTATTAAAAGTAATTTATTTTAAAAACATTTTACTGTACACATTACATATACACATACACACACCAATACTTATAGTCTCTCCTTGTAAATATTTATATGTCCATGCTATGTATTATTGTGCATTCATTTATCTTCCATACGGCAAGTTAAAGCCCGTATTAATCATCATTAATTTTACATATTACATAATATGTATGATCTTACATATTATACATCCTCTAACAATTTTATTTCCATTGTATCCTATGGTCGCTCCATTAGATCACGAGCTTAATCACCATGCCG",348
">a4ebaec2252683a9706d9a3c28c6650d","CATAAACTATTCCTTGAAAAAAGCTTATTGTATAATTACCACAACCCCACAGTGCCACGTCAGTATTAAAAGTAATTTATTTTAAAAACATTTTACTGTACACATTACGTATACACATACACACACCAATACTTATAGTCTCTCCTTGTAAATATTTATATGTACATGCTATGTATTATTGTGCATTCATTTATTTTCCATACGGCAAGTTAAAGCCCGTATTAATTATCATTAATTTTACATATTACATAATATGTATGATCTTACATATTATACATCCCCTAACAATTTTATTTCCATTGTATCCTATGGTCACTCCATTAGATCACGAGCTTAATCACCATGCCG",348
">a6429d050f611cb301f3f9e9194327e6","CATAAACTATTCCTTGAAAAAAGCTTATTGTACAGTTACCACAACCCCACAGTGCCACGTCAGTATTAAAAGTAATTTATTTTAAAAACATTTTACTGTACACATTACATATACACATACGCACACCAATACTTATAGTCTCTCCTTGTAAATATTTATATGTACATGCTATGTATTATTGTGCATTCATTTATTTTCCATACGGCAAGTTAAAGCCCGTATTAATCATCATTAATTTTACATATTACATAATATGTATGATCTTACATATTATACATCCTCTAACAATTTTATTTCCATTGTATCCTATGGTCGCTCCATTAGATCACGAGCTTAATCACCATGCCG",348
">a6ecef45df0d3907d92c0ca992087a50","CATAAACTATTCCTTGAAAAAAGCTTATTGTATAATTACCACAACCCCACAGTGCCACGTCAGTATTAAAAGTAATTTATTTTAAAAACATTTTACTGTACACATTACATATACACATACACACACCAATACTTATAGTCTCTCCTTGTAAATATTTATATGTACATGCTATGTATTATTGTGCATTCATTTATTTTCCATACGGCAAGTTAAAGCCCGTATTAATTATCATTAATTTTACATATTACATAATATGTATGATCTTACATATTATACATCCCCTAACAATTTTATTTCCATCGTATCCTATGGTCACTCCATTAGATCACGAGCTTAATCACCATGCCG",348
">ab5c406dd122be942b37aaac118fa1c0","CATAAACTATTCCTTGAAAAAAGCTTATTGTATAATTACCACAACCCCACAGTGCCACGTCAGTATTAAAAGTAATTTATTTTAAAAACATCTTACTGTACACATTACATATACACATACACACACCAATACTTATAGTCTCTCCTTGTAAATATTTATATGTACATGCTATGTATTATTGTGCATTCATTTATTTTCCATACGGCAAGTTAAAGCCCGTATTAATTATCATTAATTTTACATATTACATAATATGTATGATCTTACATATTATACATCCCCTAACAATTTTATTTCCATTGTATCCTATGGTCACTCCATTAGATCACGAGCTTAATCACCATGCCG",348
">b14b97b9987e1e99c8f174fa501335c9","CATAAACTATTCCTTGAAAAAAGCTTATTGTACAATTACCACAACCCCACAGTGCCACGTCAGTATTAAAAGTAATTTATTTTAAAAACATTTTACTGTACACATTACATATACACATACACACACCAATACTTATAGTCTCTCCTTGTAAATATTTATATGTACATGCTATGTATTATTGTGCATTCATTTATTTTCCATACGGCAAGTTAAAGCCCGTATTAATCATCATTAATTTTACATATTACATAATATGCATACTTGTACATATTATATGTCCCCTAACAATTTTATTTCCATTATATCCTATGGCCGCTCCATTAGATCACGAGCTTAATCACCATGCCG",348
">b20bad4a05fa3ecebfb63f6cc3cb4c1f","CATAAACTATTCCTTGAAAAAGCTTATTGTAGAGTTACCATAACATTATAGTACTATGTCAGTATTAAAAGTAATTTGTTTTAAAAACATTTTACTGTACACATTACATATACACATACACACACCAATACTTATAGTCTCTCCTTGTAAATATTTATATGTACATGCTATGTATTATTGTGCATTCATTTATTTTCCATACGGCAAGTTAAAGCCCGTATTAATCATCATTAATTTTACATATTACATAATATGTATGATCTTACATATTATACATCCTCTAACAATTTTATTTCCATTGTATCCTATGGTCGCTCCATTAGATCACGAGCTTAATCACCATGCCG",347
">b6166579cadb826b2e88a081f7277c44","CATAAACTATTCCTTGAAAAAAGCTTATTGTACAATTACCACAACCCCACAGTGCCACGTCAGTATTAAAAGTAATTTATTTTGAAAACATTTTACTGTACACATTACATATACACATACACACACCAATACTTATAGTCTCTCCTTGTAAATATTTATATGTACATGCTATGTATTATTGTGCATTCATTTATTTTCCATACGGCAAGTTAAAGCCCGTATTAATCATCATTAATTTTACATATTACATAATATGTATGATCTTACATATTATACATCCTCTAACAATTTTATTTCCATTGTATCCTATGGTCGCTCCATTAGATCACGAGCTTAATCACCATGCCG",348
">b7da6933a24598e6c63cdf10bd833fbe","CATAAACTATTCCTTGAAAAAAGCTTATTGTATAATTACCACAACCCCACAGTGCCACGTCAGTATTAAAAGTAATTTATTTTAAAACCATTTTACTGTACACATTACATATACACATACACACACCAATACTTATAGTCTCTCCTTGTAAATATTTATATGTACATGCTATGTATTATTGTGCATTCATTTATTTTCCATACGGCAAGTTAAAGCCCGTATTAATTATCATTAATTTTACATATTACATAATATGTATGATCTTACATATTATACATCCCCTAACAATTTTATTTCCATTGTATCCTATGGTCACTCCATTAGATCACGAGCTTAATCACCATGCCG",348
">b83437d015b8afad105bcfe67821682e","CATAAACTATTCCTTGAAAAAAGCTTATTGTACAATTACCACAACCCCACAGTGCCACGTCAGTATTAAAAGTAATTTATTTTAAAAACATTTTACTGTACACATTACATATACGCATACACACACCAATACTTATAGTGTCTCCTTGTAAATATTTATATGTACATGCTATGTATTATTGTGCATTCATTTATTTTCCATACGGCAAGTTAAAGCCCGTATTAATCATCATTAATTTTACATATTACATAATATGTATTATCTTCCATATTATCCATCCTCTAACAATTTTATTTCCATTGTATCCTATGGTCGCTCCATTAGATCACGAGCTTAATCACCATGCCG",348
">b83c84acda8e33716d4ea7c44111067c","CATAAACTATTCCTTGAAAAAAGCTTATTGTACAATTACCACAACCCCACAGTGCCACGTCAGTATTAAAAGTAATTTATTTTAAAAACATTTTACTGTACACATTACATATACACATACACACACCAATACTTATAGTCTCTCCTTGTAAATATTTATATGTACATGCTATGTATTATTGTGCATTCATTTATTTTCCATACGGCAAGTTAAAGCCCGTATTAATCATCATTAATTTTACATATTACGTAATATGTATGAGCTTACATATTATACATCCTCTAACAATTTTATTTCCATTGTATCCTATGGTCGCTCCATTAGATCACGAGCTTAATCACCATGCCG",348
">b99b8e09f663bc4e7cab8086260b88c9","CATAAACTATTCCTTGAAAAAAGCTTATTGTATAATTATCACAACCCCACAGTGCCACGTCAGTATTAAAAGTAATTTATTTTAAAAACATTTTACTGTACACATTACATATACACATACACACACCAATACTTATAGTCTCTCCTTGTAAATATTTATATGTACATGCTATGTATTATTGTGCATTCATTTATTTTCCATACGGCAAGTTAAAGCCCGTATTAATTATCATTAATTTTACATATTACATAATATGTATGATCTTACATATTATACATCCCCTAACAATTTTATTTCCATTGTATCCTATGGTCACTCCATTAGATCACGAGCTTAATCACCATGCCG",348
">b9c86bda2a1800b69be643d848be6978","CATAAACTATTCCTTGAAAAAAGCTTATTGTATAATTATCACAACCCCACAGTGCCACGTCAGTATTAAAAGTAATTTATTTTAAAAACATTTTACTGTACACGTTACATATACACATACACACACCAATACTTATAGTCTCTCCTTGTAAATATTTATATGTACATGCTATGTATTATTGTGCATTCATTTATTTTCCATACGGCAAGTTAAAGCCCGTATTAATTATCATTAATTTTACATATTACATAATATGTATGATCTTACATATTATACATCCCCTAACAATTTTATTTCCATTGTATCCTATGGTCACTCCATTAGATCACGAGCTTAATCACCATGCCG",348
">bcae4cbdd6f05f3b620a7b41229bb49c","CATAAACTATTCCTTGAAAAAAGCTTATTGTATAATTACCACAACCCCACAGTGCCACGTCAGTATTAAAAGTAATTTATTTTAAAAACATTTTACTGTACACATTACATATACACATACACACACCAATACTTATAGTCTCTCCTTGTAAATATTTATATGTACATGCTATGTATTATTGTGCATTCATTTATTTTCCATACGACAAGTTAAAGCCCGTATTAATTATCATTAATTTTACATATTACATAATATGTATGATCTTACATATTATACATCCCCTAACAATTTTATTTCCATTGTATCCTATGGTCACTCCATTAGATCACGAGCTTAATCACCATGCCG",348
">c16dd5422698819780a4245447ef4527","CATAAACTATTCCTTGAAAAAAGCTTATTGTATAATTACCACAACCCCACAGTGCCACGTCAGTATTAAAAGTAATTTATTTTAAAAACATTTTACTGTACACATTACATATACACATACACACACCAATACTTATAGTCTCTCCTTGTAAATATTTATATGTACATGCTATGTATTATTGTGCATTCATTTATTTTCCATACGGCAAGTTAAAGCCCGTATTAATCATCATTAATTTTACATATTACATAATATGTATGATCTTACATATTATACATCCTCTAACAATTTTATTTCCATTGTATCCTATGGTCGCTCCATTAGATCACGAGCTTAATCACCATGCCG",348
">c20fc1e188cb498ca5f2c592245930e0","CATAAACTATTCCTTAAAAAAAGCTTATTGTACAATTACCACAACCCCACAGTGCCACGTCAGTATTAAAAGTAATTTATTTTAAGAACATTTTACTGTACACATTACATATACACATACACACACCAATACTTATAGTCTCTCCTTGTAAATATTTATATGTACATGCTATGTATTATTGTGCATTCATTTATTTTCCATACGGCAAGTTAAAGCCCGTATTAATCATCATTAATTTTACATATTACATAATATGTATGATCTTACATATTATACATCCTCTAACAATTTTATTTCCATTGTATCCTATGGTCGCTCCATTAGATCACGAGCTTAATCACCATGCCG",348
">c4f20fd4da815d51937fc52821147cbe","CATAAACTATTCCTTGAAAAAAGCTTATTGTACAATTACCACAACCCCACAGTTCCACGTCAGTATTAAAAGTAATTTATTTTAAAAACATTTTACTGTACACATTACATATACACATACACACACCAATACTTATAGTCTCTCCTTGTAAATATTTATATGTACATGCTATGTATTATTGTGCATTCATTTATTTTCCATACGGCAAGTTAAAGCCCGTATTAATCATCATTAATTTTACATATTACATAATATGTATGATCTTACATATTATACATCCTCTAACAATTTTATTTCCATTGTATCCTATGGTCGCTCCATTAGATCACGAGCTTAATCACCATGCCG",348
">c5594cfbc4a0437f35634d64d5159caa","CATAAACTATTCCTTGAAAAAAGCTTATTGTACAATTACCACAACCCCACAGTGCCACGTCAGTATTAAAAGTAATTTATTTTAAAAACATTTTACTGTACACATTACATATACACATACACACACCAATACTTATAGTCTCTCCTTGTAAATATTTATATGTACATGCTATGTATTATTGTGCATTCATTTATTTTCCATACGGCAAGTTAAAGCCCGTATTAATCATCATTAATTTTACATATTACATAATATGTATGATCTTACATATTATACATCCTCTAACAATTTTATTTCCATTGTATCCTATGGCCGCTCCATTAGATCACGAGCTTAATCACCATGCCG",348
">c610082d3ca98257ce59f22cf76ed255","CATAAACTATTCCTTGAAAAAAGCTTATTGTATAATTACCACGACCCCACAATGCCACGTCAGTATTAAAAGTAATTTATTTTAAAAACATTTTACTGTACACATTACATATACACATACACACACCAATACTTATAGTCTCTCCTTGTAAATATTTATATGTACATGCTATGTATTATTGTGCATTCATTTATTTTCCATACGGCAAGTTAAAGCCCGTATTAATTATCATTAATTTTACATATTACATAATATGTATGATCTTACATATTATACATCCCCTAACAATTTTATTTCCATTGTATCCTATGGTCACTCCATTAGATCACGAGCTTAATCACCATGCCG",348
">c770fe767e9208b460e55f8e2755307f","CATAAACTATTCCTTGAAAAAAGCTTATTGTATAATTACCACAACCCCACAGTGCCACGTCAGTATTAAAAGTAATTTATTTTAAAAACATTTTACTGTACACATTACATATACACATACACACACCAATACTTATAGTCTCTCCTTGTAAATATTTATATGTACATGCTATGTATTGTTGTGCATTCATTTATTTTTCATACGGCAAGTTAAAGCCCGTATTAATTATCATTAATTTTACATATTACATAATATGTATGATCTTACATATTATACATCCCCTAACAATTTTATTTCCATTGTATCCTATGGTCACTCCATTAGATCACGAGCTTAATCACCATGCCG",348
">c7827e11a35b41d5b7a154033581bed5","CATAAACTATTCCTTGAAAAAAGCTTATTGTATAATTACCACAACCCCACAGTGCCACGTCAGTATTAAAAGTAATTTATTTTAAAAACATTTTACTGTACACATTACATATACACATACACACACCAATACTTATAGTCTCTCCTTGTAAATATTTATATGTACATGCTATGTATTATTGTGCATTCATTTATTTTCCATACGGCAAGTTAAAGCCCGTATTAATTATCATTAATTTTACATATTACATAATATGTATGATCTTACATATTATACATCCCCTAACAATTTTATTTCCATTGTATCCTATGGTCACTCCATTAGATCATGAGCTTAATCACCATGCCG",348
">c9c02597aa6d2e38409072deb59712a0","CATAAACTATTCCTTGAAAAAAGCTTATTATACAATTACCACAACCCCACAGTGCCACGTCAGTATTAAAAGTAATTTATTTTAAAAACATTTTACTGTACACATTACATATACACATACACACACCAATACTTATAGTCTCTCCTTGTAAATATTTATATGTACATGCTATGTATTATTGTGCATTCATTTATTTTCCATACGGCAAGTTAAAGCCCGTATTAATCATCATTAATTTTACATATTACATAATATGTATGATCTTACATATTATACATCCTCTAACAATTTTATTTCCATTGTATCCTATGGTCGCTCCATTAGATCACGAGCTTAATCACCATGCCG",348
">cade9bbf3a2e4c2fc2940739fd209efe","CATAAACTATTCCTTGAAAAAGCTTATTGTAGAGTTACCATAACATTATAGTACTATGTCAGTATTAAAAGTAATTTATTTTAAAAACATTTTACTGTACACATTACATATACACATACACACACCAATACTTATAGTCTCTCCTTGTAAATATTTATATGTACATGCTATGTATTATTGTGCATTCATTTATTTTCCATACGGCAAGTTAAAGCCCGTATTAATCATCATTAATTTTACATATTACATAATATGTATGATCTTACATATTATACATCCTCTAACAATTTTATTTCCATTGTATCCTATGGTCGCTCCATTAGATCACGAGCTTAATCACCATGCCG",347
">cd48e92892f805e709ea3b46f8b7eb96","CATAAACTATTCCTTGAAAAAAGCTTATTGTACAATTACCACAACCCCACAGTGCCACGTCAGTATTAAAAGTAATTTATTTTAAAAACATTTTACTGTACACATTACATATACACATACACACACCAATACTTATAGTCTCTCCTTGTAAATATTTATATGTACATGCTATGTATTATTGTGCATTCATTTATTTTCCATACGGCAAGTTAAAGCCCGTATTAATCATCATTAATTTTACATATTACATAATATGTATGATCTTACATATTATACATCCCCTAACAATTTTATCTCCATTGTATCCTATGGTCGCTCCATTAGATCACGAGCTTAATCACCATGCCG",348
">d37ae17d3baf5ed66c01280a2737ed09","CATAAACTATTCCTTGAAAAAAGCTTATTGTATAATTACCACAACCCCACAGTGCCACGTCAGTATTAAAAGTAATTTATTTTAAAAACATTTTACTGTACACATTACATATACACATACACACACCAATACTTATAGTCTCTCCTTGTAAATATTTATATGTACATGCTATGTATTATTGTGCATTCATTTATTTTCCATACGGCAAGTTAAAGCCCGTATTAATTATCATTAATTTTACATATTACATAATATGTACGATCTTACATATTATACATCCCCTAACAATTTTATTTCCATTGTATCCTATGGTCACTCCATTAGATCACGAGCTTAATCACCATGCCG",348
">d383ae79c05a4bfa2ec7087ef17ab8bb","CATAAACTATTCCTTGAAAAAAGCTTATTGTATAATTACCACAACCCCACAGTGCCACGTCAGTATTAAAAGTAATTTATTTTAAAAACATTTTACTGTACACATTACATATACACATACACACACCAATACTTATAGTCTCTCCTTGTAAATATTTATATGTACATGCTATGTATTATTGTGCATTCATTTATTTTCCATACGGCAAGTTAAAGCCCGTATTAATTATCATTAATTTTACATATTACATAATATGTATGATCTTACATATTATACATCCCCTAACAATTTTATTTCCATTGTATCTTATGGTCACTCCATTAGATCACGAGCTTAATCACCATGCCG",348
">d458b766e1c514e9cf8652148edf4188","CATAAACTATTCCTTGAAAAAAGCTTATTGTACAATTACCACAACCCCACAGTGCCACGTCAGTATTAAAAGTAATTTATTTTAAAAACATTTTACTGTACACATTACATATACACATACACACACCAATACTTATAGTCTCTCCTTGTAAATATTTATATGTACATGCTATGTATTATTGTGCATTCATTTATTTTCCATACGGCAAGTTAAAGCCCGTATTAATCATCATTAATTTTATATATTACATAATATGTATGATCTTACATATTATACATCCCCTAACAATTTTATCTCCATTGTATCCTATGGTCGCTCCATTAGATCACGAGCTTAATCACCATGCCG",348
">d51cf000bbb29364bfd4cb30208d2462","CATAAACTATTCCTTGAAAAAAGCTTATTGTACAATTACCACAACCCCACAGTGCCACGTCAGTATTAAAAGTAATTTATTTTAAAAACATTTTACTGTACACATTACATATACACATACACACACCAATACTTATAGTCTCTCCTTGTAAATATTTATATGTACATGCTATGTATTATTGTGCATTCATTTATTTTCCATACGGCAAGTTATAGCCCGTATTAATCATCATTAATTTTACATATTACATAATATGTATGATCTTACATATTATACATCCTCTAACAATTTTATTTCCATTGTATCCTATGGTCGCTCCATTAGATCACGAGCTTAATCACCATGCCG",348
">db1fac8576ed7acb6a5c3af5b78fb874","CATAAACTATTCCTTGAAAAAAGCTTATTGTATAATTACCACAACCCCACAGTGCCACGTCAGTATTAAAAGTAATTTATTTTAAAAACATTTTACTGTACACATTACATATACACATACACACACCAATACTTATAGTCTCTCCTTGTAAATATTTATATGTACATGCTATGTATTATTGTGCATTCATTTATTTTCCATACGGTAAGTTAAAGCTCGTATTAAATTTCATTAATTTTACATATTACATAATATGCATACTTGTACATATTATATGTCCCCTAACAATTTTATTTCCATTATATCCTATGGCCGCTCCATTAGATCACGAGCTTAATCACCATGCCG",348
">dcad07be9bb33da9a70213ae3bee6efe","CATAAACTATTCCTTGAAAAAAGCTTATTGTATAATTACCACAACCCCACAGTGCCACGTCAGTATTAAAAGTAATTTATTTTAAAAACATTTTACTGTACACATTACATATACACATACACACACCAATACTTATAGTCTCTCCTTGTAAATATTTATATGTACATGCTATGCATTATTGTGCATTCATTTATTTTCCATACGGCAAGTTAAAGCCCGTATTAATTATCATTAATTTTACATATTACATAATATGTATGATCTTACATATTATACATCCCCTAACAATTTTATTTCCATTGTATCCTATGGTCACTCCATTAGATCACGAGCTTAATCACCATGCCG",348
">dd1862cb624d7d492276df9429843b31","CATAAACTATTCCTTGAAAAAAGCTTATTGTATAATTACCACAACCCCACAGAGCCACGTCAGTATTAAAGGTAATTTATTTTAAAAACATTTTACTGTACACATTACATATACACATACACACACCAATACTTATAGTCTCTCCTTGTAAATATTTATATGTACATGCTATGTATTATTGTGCATTCATTTATTTTCCATACGGCAAGTTAAAGCCCGTATTAATTATCATTAATTTTACATATTACATAATATGTATGATCTTACATATTATACATCCCCTAACAATTTTATTTCCATTGTATCCTATGGTCACTCCATTAGATCACGAGCTTAATCACCATGCCG",348
">e742fa106c8c2ffefa97d17a96694024","CATAAACTATTCCTTGAAAAAAGCTTATTGTACAATTACCACAACCCTACAGTGCCACGTCAGTATTAAAAGTAATTTATTTTAAAAACATTTTACTGTACACATTACATATACACATACACACACCAATACTTATAGTCTCTCCTTGTAAATATTTATATGTACATGCTATGTATTATTGTGCATTCATTTATTTTCCATACGGCAAGTTAAAGCCCGTATTAATCATCATTAATTTTACATATTACATAATATGTATGATCTTACATATTATACATCCTCTAACAATTTTATTTCCATTGTATCCTATGGTCGCTCCATTAGATCACGAGCTTAATCACCATGCCG",348
">e850c4590db7e1ddf43395e229ba9611","TATAAACTATTCCTTGAAAAAAGCTTATTGTACAATTACCACAACCCCACAGTGCCACGTCAGTATTAAAAGTAATTTATTTTAAAAACATTTTACTGTACACATTACATATACACATACACACACCAATACTTATAGTCTCTCCTTGTAAATATTTATATGTACATGCTATGTATTATTGTGCATTCATTTATTTTCCATACGGCAAGTTAAAGCCCGTATTAATCATCATTAATTTTACATATTACATAATATGTATGATCTTACATATTATACATCCTCTAACAATTTTATTTCCATTGTATCCTATGGTCGCTCCATTAGATCACGAGCTTAATCACCATGCCG",348
">e9f619b8d3a00b335d22ff2125401df4","CATAAACTATTCCTTGAAAAAAGCTTATTGTATAATTACCACAACCCCACAGTGCCACGTCAGTATTAAAGGTAATTTATTTTAAAAACATTTTACTGTACACATTACATATACACATACACACACCAATACTTATAGTCTCTCCTTGTAAATATTTATATGTACATGCTATGTATTATTGTGCATTCATTTATTTTCCATACGGCAAGTTAAAGCCCGTATTAATTATCATTAATTTTACATATTACATAATATGTATGATCTTACATATTATACATCCCCTAACAATTTTATTTCCATTGTATCCTATGGTCACTCCATTAGATCACGAGCTTAATCACCATGCCG",348
">ea2073c038247e8cf17d26d723aa1eaf","CATAAACTATTCCTTGAAAAAAGCTTATTGTATAATTACCACAACCCCACAGTGCCACGTCAGTATTAAAAGTAATTTATTTTAAAAACATTTTACTGTACACATTACATATACACATACACACACCAATACTTATAGTCTCTCCTTGTAAATATTTATATGTACATGCTATGTATTATTGTACATTCATTTATTTTCCATACGGCAAGTTAAAGCCCGTATTAATTATCATTAATTTTACATATTACATAATATGTATGATCTTACATATTATACATCCCCTAACAATTTTATTTCCATTGTATCCTATGGTCACTCCATTAGATCACGAGCTTAATCACCATGCCG",348
">edeb56c9e69fcb592ece38bae43c8407","CATAAACTATCCCTTGAAAAAAGCTTATTGTATAATTACCACAACCCCACAGTGCCACGTCAGTATCAAAAGTAATTTATTTTAAAAACATTTTACTGTACACATTACATATACACATACACACACCAATACTTATAGTCTCTCCTTGTAAATATTTATATGTACATGCTATGTATTATTGTGCATTCATTTATTTTCCATACGGCAAGTTAAAGCCCGTATTAATTATCATTAATTTTACATATTACATAATATGTATGATCTTACATATTATACATCCCCTAACAATTTTATTTCCATTGTATCCTATGGTCACTCCATTAGATCACGAGCTTAATCACCATGCCG",348
">f39ad0267e7113b725f92095aac390c6","CATAAACTATTCCTTGAAAAAAGCTTATTGTATAATTACCACAACCCCACAGTGCCACGTCAGTATTAAAAGTAATTTATTTTAAAAACATTTTACTGTACACATTACATATACACATACACACACCAATACTTATAGTCTCTCCTTGTAAATATTTATATGTACATGCTATGTATTATTGTGCATTCATTTATTTTCCATACGGCAAGTTAAAGCCCGTATTAATTACCATTAATTTTACATATTACATAATATGTATGATCTTACATATTATATATCCCCTAACAATTTTATTTCCATTGTATCCTATGGTCACTCCATTAGATCACGAGCCTAATCACCATGCCG",348
">fb1e7828649157134f3d6f3628c09ae6","CATAAACTATTCCTTGAAAAAAGCTTATTGTACAATTACCACAACCCCACAGTGCCACGTCAGTATTAAAAGTAATTTATTTTAAAAACATTTTACTGTACACATTACATATACACATACACACACCAATACTTATAGTCTCTCCTTGTAAATATTTATATGTACATGCTATGTATTATTGTGCATTCATTTATTTTCCATACGGCAAGTTAAAGCCCGTATTAATTATCATTAATTTTACATATTACATAATATGTATGATCTTACATATTATACATCCCCTAACAATTTTATCTCCATTGTATCCTATGGTCGCTCCATTAGATCACGAGCTTAATCACCATGCCG",348
">fec2dc35706bf48a50e0e7d286b8a955","CATAAACTATTCCTTGAAAAAAGCTTATTGTATAATTACCACAACCCCACAGTGCCACGTCAGTATTAAAAGTAATTTATTTTAAAAACATTTTACTGTACACATTACATATACACATACACACACCAATACTTATAGTCTCTCCTTGTAAATATTTATATGTACATGCTATGTATTATTGTGCATTCATTTATTTTCCATACGGCAAGTTAAAGCCCGTATTAATTATCATTAATTTTACATATTACATAATATGTATGGTCTTACATATTATACATCCCCTAACAATTTTATTTCCATTGTATCCTATGGTCACTCCATTAGATCACGAGCTTAATCACCATGCCG",348
">ffbf0534e4048616d56a532833d88b58","CATAAACTATTCCTTGAAAAAAGCTTATTGTACAATTACCACAACCCCACAGTGCCACGTCAGTATTAAAAGTAATTTATTTTAAAAACATTTTACTGTACACATTACATATACACATACACACACCAATACTTATAGTCTCTCCTTGTAAATATTTATATGTACATGCTATGTATTATTGTGCATTCATTTATTTTCCATACGGCAAGTTAAAGCCCGTATTAATCATCATTAATTTTACATATTACATAATATGTATTATCTTCCATATTATCCATCCTCTAACAATTTTATTTCCATTGTATCCTATGGTCGCTCCATTAGATCACGAGCTTAATCACCATGCCG",348
